{
  "mitosis": [],
  "non_mitosis": [],
  "apoptosis": [
    {
      "x": 0.6918207282913166,
      "y": 0.5202380952380953
    },
    {
      "x": 0.446218487394958,
      "y": 0.48214285714285715
    },
    {
      "x": 0.5672268907563025,
      "y": 0.4714285714285714
    }
  ],
  "tumor": [],
  "non_tumor": [],
  "lumen": [],
  "non_lumen": [
    {
      "x": 0.3888515406162465,
      "y": 0.7845238095238095
    },
    {
      "x": 0.1289075630252101,
      "y": 0.25357142857142856
    }
  ]
}